uid,name,gender,age,occupation
id41,Joshua Miller,m,31,Doctor
id85,Thomas Rodriguez,m,40,Retail Worker
id50,John Martinez,m,69,Engineer
id171,Zoey Rodriguez,f,28,Mechanic
id76,David Anderson,m,64,Software Developer
id102,Grace Lopez,f,34,Financial Analyst
id82,Daniel Davis,m,78,Architect
id163,Ella Davis,f,36,Pharmacist
id186,Grace Garcia,f,36,Pharmacist
id172,Amelia Jones,f,55,Plumber
id138,Isabella Miller,f,37,Public Relations Specialist
id158,Sophia Williams,f,75,Mechanic
id96,Sean Anderson,m,80,Doctor
id49,Joseph Jones,m,32,Data Analyst
id123,Olivia Taylor,f,57,Engineer
id16,Joseph Smith,m,23,Doctor
id105,Abigail Rodriguez,f,58,Human Resources Manager
id126,Grace Johnson,f,39,Marketing Specialist
id3,James Rodriguez,m,22,Public Relations Specialist
id40,Joshua Hernandez,m,64,Financial Analyst
id192,Zoey Anderson,f,59,Graphic Designer
id53,Kevin Johnson,m,66,Architect
id86,Kevin Jones,m,74,Secretary
id197,Sofia Lopez,f,48,Fitness Trainer
id111,Sophia Moore,f,38,Public Relations Specialist
id32,Mark Jackson,m,32,Chef
id19,David Brown,m,34,Scientist
id160,Aria Taylor,f,47,Teacher
id194,Charlotte Miller,f,76,Human Resources Manager
id116,Mia Thomas,f,30,Web Developer
id64,Joseph Miller,m,74,Public Relations Specialist
id151,Aria Davis,f,52,Artist
id139,Aria Williams,f,35,Public Relations Specialist
id185,Ella Smith,f,68,Social Worker
id77,Mark Nguyen,m,69,Human Resources Manager
id180,Scarlett Taylor,f,59,Doctor
id184,Emily Jackson,f,24,Electrician
id46,John Davis,m,23,Software Developer
id134,Emily Johnson,f,58,Retail Worker
id91,Michael Miller,m,21,Architect
id104,Chloe Smith,f,32,Plumber
id25,Daniel Rodriguez,m,55,Human Resources Manager
id154,Abigail Moore,f,40,Accountant
id128,Chloe Brown,f,53,Researcher
id28,Sean Moore,m,71,Scientist
id152,Aria Davis,f,25,Electrician
id122,Luna Johnson,f,38,Writer
id6,Daniel Jackson,m,76,Researcher
id18,Joseph Martin,m,68,Secretary
id133,Scarlett Hernandez,f,65,Real Estate Agent
id89,William Rodriguez,m,55,Graphic Designer
id99,Charles Rodriguez,m,71,Plumber
id148,Zoey Moore,f,70,Doctor
id23,Michael Brown,m,42,Financial Analyst
id176,Mia Davis,f,20,Electrician
id57,Thomas Johnson,m,55,Electrician
id69,Brian Davis,m,78,Fitness Trainer
id150,Scarlett Jackson,f,71,Human Resources Manager
id12,Michael Jones,m,42,Fitness Trainer
id47,Joseph Thomas,m,70,Real Estate Agent
id55,Joseph Jones,m,71,Human Resources Manager
id14,Daniel Martinez,m,36,Veterinarian
id131,Amelia Lopez,f,25,Data Analyst
id127,Olivia Miller,f,38,Web Developer
id79,Kevin Martinez,m,40,Scientist
id54,Robert Wilson,m,36,Retail Worker
id140,Ella Smith,f,52,Chef
id37,Charles Anderson,m,74,Electrician
id200,Amelia Rodriguez,f,76,Architect
id30,Sean Johnson,m,54,Real Estate Agent
id162,Charlotte Brown,f,59,Plumber
id20,David Moore,m,68,Salesperson
id70,Thomas Wilson,m,77,Accountant
id78,Brian Johnson,m,32,Fitness Trainer
id98,Daniel Jackson,m,48,Web Developer
id190,Mia Wilson,f,43,Retail Worker
id100,Kevin Williams,m,61,Human Resources Manager
id106,Abigail Garcia,f,67,Pharmacist
id112,Amelia Martinez,f,31,Artist
id196,Ava Brown,f,77,Financial Analyst
id88,William Smith,m,22,Architect
id94,Matthew Jackson,m,66,Nurse
id141,Amelia Martin,f,28,Accountant
id39,Joshua Thomas,m,53,Financial Analyst
id189,Emma Davis,f,52,Plumber
id178,Mia Johnson,f,19,Software Developer
id51,Anthony Lopez,m,78,Accountant
id108,Emily Miller,f,50,Architect
id130,Scarlett Miller,f,28,Real Estate Agent
id67,Anthony Hernandez,m,43,Electrician
id119,Chloe Miller,f,19,Public Relations Specialist
id193,Scarlett Garcia,f,22,Graphic Designer
id36,Daniel Johnson,m,41,Accountant
id136,Ella Jones,f,57,Engineer
id66,Michael Wilson,m,61,Mechanic
id121,Emma Davis,f,36,Researcher
id58,Matthew Thomas,m,21,Salesperson
id13,William Garcia,m,38,Researcher
id48,Sean Rodriguez,m,41,Nurse
id75,Michael Jones,m,63,Researcher
id31,Matthew Brown,m,71,Electrician
id72,Joseph Hernandez,m,25,Scientist
id101,Chloe Anderson,f,43,Plumber
id170,Aria Taylor,f,55,Doctor
id65,Anthony Hernandez,m,42,Plumber
id149,Grace Garcia,f,54,Writer
id169,Harper Nguyen,f,28,Chef
id177,Zoey Jackson,f,39,Web Developer
id63,David Thomas,m,73,Pharmacist
id59,Daniel Williams,m,53,Plumber
id29,Thomas Miller,m,61,Veterinarian
id4,Thomas Hernandez,m,28,Social Worker
id103,Charlotte Jones,f,49,Chef
id173,Scarlett Hernandez,f,64,Teacher
id113,Ella Smith,f,25,Researcher
id45,David Jackson,m,24,Financial Analyst
id129,Emma Wilson,f,61,Artist
id147,Scarlett Martinez,f,77,Doctor
id22,Anthony Rodriguez,m,36,Fitness Trainer
id1,James Martin,m,65,Marketing Specialist
id73,Mark Rodriguez,m,52,Mechanic
id60,Mark Moore,m,33,Human Resources Manager
id146,Evelyn Thomas,f,33,Public Relations Specialist
id145,Abigail Anderson,f,39,Researcher
id27,William Miller,m,35,Writer
id195,Chloe Garcia,f,54,Web Developer
id142,Amelia Lopez,f,72,Software Developer
id87,William Lopez,m,66,Human Resources Manager
id8,Mark Lopez,m,22,Engineer
id68,Kevin Martinez,m,36,Accountant
id34,Matthew Garcia,m,41,Teacher
id9,Richard Hernandez,m,77,Scientist
id153,Luna Smith,f,61,Accountant
id81,David Thomas,m,64,Nurse
id199,Ella Williams,f,51,Marketing Specialist
id144,Luna Rodriguez,f,45,Retail Worker
id155,Sofia Taylor,f,54,Graphic Designer
id165,Zoey Rodriguez,f,36,Fitness Trainer
id132,Emily Jones,f,67,Software Developer
id159,Emma Rodriguez,f,34,Human Resources Manager
id56,Mark Nguyen,m,35,Pharmacist
id118,Sophia Brown,f,34,Engineer
id124,Zoey Hernandez,f,68,Retail Worker
id44,Joseph Jackson,m,35,Veterinarian
id137,Aria Garcia,f,78,Accountant
id90,Brian Jackson,m,30,Social Worker
id157,Evelyn Rodriguez,f,46,Plumber
id120,Abigail Hernandez,f,61,Social Worker
id52,Joshua Williams,m,35,Marketing Specialist
id97,Matthew Martinez,m,58,Chef
id83,Andrew Martinez,m,72,Public Relations Specialist
id26,Richard Smith,m,22,Doctor
id182,Sofia Brown,f,46,Public Relations Specialist
id168,Zoey Thomas,f,78,Data Analyst
id71,Matthew Johnson,m,74,Social Worker
id175,Ella Miller,f,39,Fitness Trainer
id156,Grace Garcia,f,19,Salesperson
id183,Evelyn Davis,f,47,Secretary
id17,Joseph Davis,m,20,Artist
id42,David Lopez,m,42,Scientist
id115,Isabella Davis,f,33,Writer
id10,Daniel Garcia,m,77,Software Developer
id161,Zoey Martinez,f,20,Researcher
id84,Michael Rodriguez,m,40,Artist
id38,Brian Garcia,m,75,Data Analyst
id191,Evelyn Williams,f,22,Salesperson
id143,Emily Williams,f,77,Retail Worker
id174,Emma Moore,f,53,Fitness Trainer
id164,Isabella Martin,f,30,Nurse
id93,Joseph Lopez,m,30,Social Worker
id181,Isabella Smith,f,28,Software Developer
id11,Sean Johnson,m,53,Data Analyst
id74,Mark Martin,m,50,Marketing Specialist
id166,Evelyn Jackson,f,70,Fitness Trainer
id21,William Jones,m,24,Software Developer
id43,Daniel Garcia,m,30,Teacher
id7,Mark Martinez,m,54,Web Developer
id187,Mia Thomas,f,42,Data Analyst
id95,Robert Davis,m,65,Accountant
id33,Andrew Jones,m,32,Accountant
id198,Aria Nguyen,f,20,Doctor
id109,Isabella Taylor,f,52,Veterinarian
id92,John Lopez,m,43,Social Worker
id2,Anthony Nguyen,m,47,Artist
id188,Harper Martin,f,36,Pharmacist
id117,Sophia Lopez,f,73,Chef
id107,Emily Nguyen,f,36,Writer
id125,Emily Martinez,f,58,Artist
id80,Paul Davis,m,23,Social Worker
id135,Charlotte Nguyen,f,39,Human Resources Manager
id110,Olivia Rodriguez,f,32,Construction Worker
id114,Scarlett Moore,f,20,Software Developer
id167,Aria Taylor,f,64,Electrician
id35,Andrew Thomas,m,30,Scientist
id15,Anthony Jones,m,67,Doctor
id179,Mia Nguyen,f,55,Electrician
id61,Michael Nguyen,m,46,Nurse
id62,David Jones,m,48,Human Resources Manager
id24,Michael Moore,m,68,Fitness Trainer
id5,Daniel Anderson,m,68,Graphic Designer
